﻿<parameters>
  <parameter name="IIS Web Application Name" defaultValue="StudentTrackingSystem" tags="IisApp">
    <parameterEntry kind="ProviderPath" scope="IisApp" match="^C:\\Users\\jdelo\\Source\\Repos\\StudentTrackingSystem\\StudentTrackingSystem3\\obj\\Release\\Package\\PackageTmp$" />
    <parameterEntry kind="ProviderPath" scope="setAcl" match="^C:\\Users\\jdelo\\Source\\Repos\\StudentTrackingSystem\\StudentTrackingSystem3\\obj\\Release\\Package\\PackageTmp$" />
  </parameter>
  <parameter name="ApplicationDbContext-Web.config Connection String" defaultValue="Data Source=qhsdb;Initial Catalog=MSCTR;user id=qhsdb_user;password=BecomeAkamai(_now_);">
    <parameterEntry kind="XmlFile" scope="C:\\Users\\jdelo\\Source\\Repos\\StudentTrackingSystem\\StudentTrackingSystem3\\obj\\Release\\Package\\PackageTmp\\Web\.config$" match="/configuration/connectionStrings/add[@name='ApplicationDbContext']/@connectionString" />
  </parameter>
  <parameter name="SchoolContext-Web.config Connection String" defaultValue="Data Source=qhsdb;Initial Catalog=MSCTR;user id=qhsdb_user;password=BecomeAkamai(_now_);">
    <parameterEntry kind="XmlFile" scope="C:\\Users\\jdelo\\Source\\Repos\\StudentTrackingSystem\\StudentTrackingSystem3\\obj\\Release\\Package\\PackageTmp\\Web\.config$" match="/configuration/connectionStrings/add[@name='SchoolContext']/@connectionString" />
  </parameter>
  <parameter name="SchoolContext_DatabasePublish-Web.config Connection String" description="SchoolContext Connection String used by Entity Framework Code First Model to deploy the database." defaultValue="SchoolContext_DatabasePublish.ConnetionString">
    <parameterEntry kind="XmlFile" scope="C:\\Users\\jdelo\\Source\\Repos\\StudentTrackingSystem\\StudentTrackingSystem3\\obj\\Release\\Package\\PackageTmp\\Web\.config$" match="/configuration/connectionStrings/add[@name='SchoolContext_DatabasePublish']/@connectionString" />
  </parameter>
</parameters>