﻿<parameters>
  <parameter name="IIS Web Application Name" defaultValue="Default Web Site\StudentTrackingSystem" tags="IisApp">
    <parameterEntry kind="ProviderPath" scope="IisApp" match="^C:\\Users\\jdelo\\Source\\Repos\\StudentTrackingSystem\\StudentTrackingSystem3\\obj\\Release\\Package\\PackageTmp$" />
    <parameterEntry kind="ProviderPath" scope="setAcl" match="^C:\\Users\\jdelo\\Source\\Repos\\StudentTrackingSystem\\StudentTrackingSystem3\\obj\\Release\\Package\\PackageTmp$" />
  </parameter>
  <parameter name="SchoolContext-Web.config Connection String" description="SchoolContext Connection String used in web.config by the application to access the database." defaultValue="Data Source=qhsdb;Initial Catalog=MSCTR;Integrated Security=True" tags="SqlConnectionString">
    <parameterEntry kind="XmlFile" scope="C:\\Users\\jdelo\\Source\\Repos\\StudentTrackingSystem\\StudentTrackingSystem3\\obj\\Release\\Package\\PackageTmp\\Web\.config$" match="/configuration/connectionStrings/add[@name='SchoolContext']/@connectionString" />
  </parameter>
  <parameter name="ApplicationDbContext-Web.config Connection String" description="ApplicationDbContext Connection String used in web.config by the application to access the database." defaultValue="Data Source=qhsdb;Initial Catalog=MSCTR;Integrated Security=True" tags="SqlConnectionString">
    <parameterEntry kind="XmlFile" scope="C:\\Users\\jdelo\\Source\\Repos\\StudentTrackingSystem\\StudentTrackingSystem3\\obj\\Release\\Package\\PackageTmp\\Web\.config$" match="/configuration/connectionStrings/add[@name='ApplicationDbContext']/@connectionString" />
  </parameter>
</parameters>