﻿<parameters>
  <parameter name="IIS Web Application Name" defaultValue="Default Web Site\StudentTrackingSystem" tags="IisApp">
    <parameterEntry kind="ProviderPath" scope="IisApp" match="^C:\\Users\\jdelo\\Source\\Repos\\StudentTrackingSystem\\StudentTrackingSystem3\\obj\\Release\\Package\\PackageTmp$" />
    <parameterEntry kind="ProviderPath" scope="setAcl" match="^C:\\Users\\jdelo\\Source\\Repos\\StudentTrackingSystem\\StudentTrackingSystem3\\obj\\Release\\Package\\PackageTmp$" />
  </parameter>
  <parameter name="ApplicationDbContext-Web.config Connection String" defaultValue="Data Source=qhsdb;Initial Catalog=MSCTR2;User ID=qhsdb_user;Password=BecomeAkamai(_now_)">
    <parameterEntry kind="XmlFile" scope="C:\\Users\\jdelo\\Source\\Repos\\StudentTrackingSystem\\StudentTrackingSystem3\\obj\\Release\\Package\\PackageTmp\\Web\.config$" match="/configuration/connectionStrings/add[@name='ApplicationDbContext']/@connectionString" />
  </parameter>
  <parameter name="SchoolContext-Web.config Connection String" defaultValue="Data Source=qhsdb;Initial Catalog=MSCTR2;User ID=qhsdb_user;Password=BecomeAkamai(_now_)">
    <parameterEntry kind="XmlFile" scope="C:\\Users\\jdelo\\Source\\Repos\\StudentTrackingSystem\\StudentTrackingSystem3\\obj\\Release\\Package\\PackageTmp\\Web\.config$" match="/configuration/connectionStrings/add[@name='SchoolContext']/@connectionString" />
  </parameter>
  <parameter name="ApplicationDbContext-Deployment Connection String" defaultValue="Data Source=qhsdb;Initial Catalog=MSCTR2;User ID=qhsdb_user;Password=BecomeAkamai(_now_)" tags="SqlConnectionString">
    <parameterEntry kind="ProviderPath" scope="DbDacFx" match="^C:\\Users\\jdelo\\Source\\Repos\\StudentTrackingSystem\\StudentTrackingSystem3\\obj\\Release\\AutoScripts\\ApplicationDbContext_IncrementalSchemaOnly\.dacpac$" />
  </parameter>
</parameters>